INSERT INTO BANNIS(ID, EMAIL) VALUES (0,'salut@yopmail.com');

INSERT INTO DEPARTEMENT(NUMERO,NOM) VALUES(75,'PARIS');

INSERT INTO VILLE(ID, NOM, DEPARTEMENT, CODE_POSTALE) VALUES (0,'PARIS12',75,75012);
INSERT INTO VILLE(ID, NOM, DEPARTEMENT, CODE_POSTALE) VALUES (1,'PARIS6',75,75006);


INSERT INTO MEMBRE(ID, NOM, SEXE, DATE_NAISSANCE, ADRESSE, EMAIL,PP, DATE_DERNIERE_CONNEXION, VILLE_NAISSANCE, VILLE_RESIDENCE)VALUES (0,'DALET','m',TO_DATE('2004-12-01','YYYY-MM-DD'),'nation','victordalet@protonmail.com','victor.png',TO_DATE('2023-04-24','YYYY-MM-DD'),0,1);
INSERT INTO MEMBRE(ID, NOM, SEXE, DATE_NAISSANCE, ADRESSE, EMAIL,PP, DATE_DERNIERE_CONNEXION, VILLE_NAISSANCE, VILLE_RESIDENCE)VALUES (1,'ARFAOUI','m',TO_DATE('2004-12-01','YYYY-MM-DD'),'nation','KarimArfaoui@gmail.com','karim.png',TO_DATE('2023-04-24','YYYY-MM-DD'),0,1);
INSERT INTO MEMBRE(ID, NOM, SEXE, DATE_NAISSANCE, ADRESSE, EMAIL,PP, DATE_DERNIERE_CONNEXION, VILLE_NAISSANCE, VILLE_RESIDENCE)VALUES (2,'MOY','m',TO_DATE('2004-12-01','YYYY-MM-DD'),'nation','enzomoy@gmail.com','karim.png',TO_DATE('2023-04-24','YYYY-MM-DD'),0,1);
INSERT INTO MEMBRE(ID, NOM, SEXE, DATE_NAISSANCE, ADRESSE, EMAIL,PP, DATE_DERNIERE_CONNEXION, VILLE_NAISSANCE, VILLE_RESIDENCE)VALUES (3,'BDE ESGI','m',TO_DATE('2000-12-01','YYYY-MM-DD'),'nation','bde@esgi.fr','bde.png',TO_DATE('2023-04-24','YYYY-MM-DD'),0,0);
INSERT INTO MEMBRE(ID, NOM, SEXE, DATE_NAISSANCE, ADRESSE, EMAIL,PP, DATE_DERNIERE_CONNEXION, VILLE_NAISSANCE, VILLE_RESIDENCE)VALUES (4,'DALET','m',TO_DATE('2000-12-01','YYYY-MM-DD'),'nation','VDALET@yopmail.com','vd.png',TO_DATE('2023-04-24','YYYY-MM-DD'),0,0);


INSERT INTO ALBUM(ID, TITRE) VALUES (0,'PHOTO DE CHAT');

INSERT INTO PHOTO(ID, URL, MEMBRE, ALBUM) VALUES (0,'chat.png',0,0);
INSERT INTO PHOTO(ID, URL, MEMBRE, ALBUM) VALUES (1,'chat2.png',0,0);

INSERT INTO RELATION_USER(ID, STATUT, SUGGESTION, MEMBRE1, MEMBRE2) VALUES (0,1,1,0,1);
INSERT INTO RELATION_USER(ID, STATUT, SUGGESTION, MEMBRE1, MEMBRE2) VALUES (1,1,1,0,2);
INSERT INTO RELATION_USER(ID, STATUT, SUGGESTION, MEMBRE1, MEMBRE2) VALUES (2,1,1,1,2);
INSERT INTO RELATION_USER(ID, STATUT, SUGGESTION, MEMBRE1, MEMBRE2) VALUES (3,1,1,2,1);
INSERT INTO RELATION_USER(ID, STATUT, SUGGESTION, MEMBRE1, MEMBRE2) VALUES (4,1,1,1,0);
INSERT INTO RELATION_USER(ID, STATUT, SUGGESTION, MEMBRE1, MEMBRE2) VALUES (5,2,1,2,0);
INSERT INTO RELATION_USER(ID, STATUT, SUGGESTION, MEMBRE1, MEMBRE2) VALUES (6,2,1,3,0);
INSERT INTO RELATION_USER(ID, STATUT, SUGGESTION, MEMBRE1, MEMBRE2) VALUES (7,2,1,4,0);

INSERT INTO RESTREINDRE_ALBUM(ID, ALBUM, MEMBRE) VALUES (0,0,1);

INSERT INTO RESTREINDRE_PHOTO(ID, PHOTO, MEMBRE) VALUES (0,0,2);

INSERT INTO IDENTIFIE(ID, PHOTO, MEMBRE) VALUES (0,0,1);
INSERT INTO IDENTIFIE(ID, PHOTO, MEMBRE) VALUES (1,1,1);
INSERT INTO IDENTIFIE(ID, PHOTO, MEMBRE) VALUES (2,1,2);

INSERT INTO EVENEMENT(ID, ADRESSE, DATE_DEBUT, HEURE_DEBUT, DATE_FIN, HEURE_FIN, NB_MAX_PERSONNE, IMAGE)VALUES (0,'PARIS',TO_DATE('2023-04-24','YYYY-mm-dd'),14,TO_DATE('2023-04-24','YYYY-mm-dd'),17,30,'event1.png');
INSERT INTO EVENEMENT(ID, ADRESSE, DATE_DEBUT, HEURE_DEBUT, DATE_FIN, HEURE_FIN, NB_MAX_PERSONNE, IMAGE)VALUES (1,'PARIS',TO_DATE('2023-04-24','YYYY-mm-dd'),14,TO_DATE('2023-04-24','YYYY-mm-dd'),17,30,'eventbde.png');
INSERT INTO EVENEMENT(ID, ADRESSE, DATE_DEBUT, HEURE_DEBUT, DATE_FIN, HEURE_FIN, NB_MAX_PERSONNE, IMAGE)VALUES (2,'PARIS',TO_DATE('2023-04-24','YYYY-mm-dd'),14,TO_DATE('2023-04-24','YYYY-mm-dd'),17,30,'eventbde.png');

INSERT INTO ADMINISTRATEUR_EVENEMENT(ID, EVENEMENT, MEMBRE) VALUES (0,0,0);
INSERT INTO ADMINISTRATEUR_EVENEMENT(ID, EVENEMENT, MEMBRE) VALUES (1,0,1);
INSERT INTO ADMINISTRATEUR_EVENEMENT(ID, EVENEMENT, MEMBRE) VALUES (2,0,2);
INSERT INTO ADMINISTRATEUR_EVENEMENT(ID, EVENEMENT, MEMBRE) VALUES (3,1,3);
INSERT INTO ADMINISTRATEUR_EVENEMENT(ID, EVENEMENT, MEMBRE) VALUES (4,2,3);

INSERT INTO IMAGE(ID, URL) VALUES (0,'soiree.png');
INSERT INTO IMAGE(ID, URL) VALUES (1,'wwi.png');

INSERT INTO GALLERIE(ID, IMAGE) VALUES (0,1);
INSERT INTO GALLERIE(ID, IMAGE) VALUES (1,0);

INSERT INTO PAGE(ID, ILLUSTRATION, ADMINISTRATEUR, GALLERIE) VALUES (0,'bde.png',0,0);
INSERT INTO PAGE(ID, ILLUSTRATION, ADMINISTRATEUR, GALLERIE) VALUES (1,'esgi.png',0,0);

INSERT INTO MESSAGE_PAGE(ID, CONTENU, IMAGE, DATE_PUBLICATION, AUTEUR, PAGE) VALUES (0,'salut','3.png',TO_DATE('2023-04-24','YYYY-mm-dd'),0,0);

INSERT INTO COMMENTAIRE(ID, CONTENU, DATE_PUBLICATION, MESSAGE, AUTEUR) VALUES (0,'salut',TO_DATE('2023-04-24','YYYY-mm-dd'),0,2);

INSERT INTO LIKE_PAGE(ID, PAGE, MEMBRE,DATE_LIKE) VALUES (0,0,0,TO_DATE('2021-01-20','YYYY-mm-dd'));
INSERT INTO LIKE_PAGE(ID, PAGE, MEMBRE,DATE_LIKE) VALUES (1,1,0,TO_DATE('2021-01-20','YYYY-mm-dd'));
INSERT INTO LIKE_PAGE(ID, PAGE, MEMBRE,DATE_LIKE) VALUES (2,1,1,TO_DATE('2021-01-20','YYYY-mm-dd'));

INSERT INTO MODERATION_PAGE(ID, PAGE, MEMBRE) VALUES (0,0,0);

INSERT INTO BIBLIOTHEQUE(ID, DATE_ENREGISTREMENT, MEMBRE, PUBLICATION) VALUES (0,TO_DATE('2023-04-24','YYYY-mm-dd'),0,0);
INSERT INTO BIBLIOTHEQUE(ID, DATE_ENREGISTREMENT, MEMBRE, PUBLICATION) VALUES (1,TO_DATE('2023-04-24','YYYY-mm-dd'),1,0);


INSERT INTO MESSAGE(ID, CONTENT, DATE_SEND, TYPE) VALUES (0,'hello',TO_DATE('2023-04-24','YYYY-mm-dd'),1);
INSERT INTO MESSAGE(ID, CONTENT, DATE_SEND, TYPE) VALUES (1,'hello',TO_DATE('2023-04-24','YYYY-mm-dd'),1);

INSERT INTO CONVERSATION(ID, MEMBRE1, MEMBRE2, MESSAGE) VALUES (0,1,0,0);
INSERT INTO CONVERSATION(ID, MEMBRE1, MEMBRE2, MESSAGE) VALUES (1,0,1,1);

INSERT INTO GROUPE(ID, EVENEMENT) VALUES (0,0);

INSERT INTO PARTICIPANT(ID, EVENEMENT, MEMBRE, STATUT, GROUPE) VALUES (0,0,1,1,0);
INSERT INTO PARTICIPANT(ID, EVENEMENT, MEMBRE, STATUT, GROUPE) VALUES (1,0,2,1,0);
INSERT INTO PARTICIPANT(ID, EVENEMENT, MEMBRE, STATUT, GROUPE) VALUES (2,1,2,1,0);
INSERT INTO PARTICIPANT(ID, EVENEMENT, MEMBRE, STATUT, GROUPE) VALUES (3,2,1,2,0);
INSERT INTO PARTICIPANT(ID, EVENEMENT, MEMBRE, STATUT, GROUPE) VALUES (4,2,2,2,0);
INSERT INTO PARTICIPANT(ID, EVENEMENT, MEMBRE, STATUT, GROUPE) VALUES (5,2,3,1,0);

INSERT INTO GALLERIE_IMAGE(ID, TITRE, IMAGE) VALUES (0,'chat',0);
INSERT INTO GALLERIE_IMAGE(ID, TITRE, IMAGE) VALUES (1,'chat',1);